bls_power,bls_snr,depth,duration_hr,period,n_transits,duration_over_period,odd_even_diff,secondary_depth_ppm,quarter_recurrence_frac,depth_snr,duration_at_grid_max,ls_power_at_bls,ls_local_power_ratio,found_candidate,kepid
27.58231299001437,27.582312990017314,0.0006389757746618763,13.0,325.9867271746515,5,0.0016616218438134812,0.896103730949592,15.433442456691537,1.0,27.582312990017314,0.0,0.00022943174646986635,3.4478207935814913,1,10002867
98.71861882805482,98.71861882802357,0.000491515677719212,15.0,204.40659441701322,7,0.0030576312950301755,0.9179622524822638,34.28310777342514,0.8571428571428571,98.71861882802357,1.0,0.00011892339498917867,0.8728856171183973,1,10057494
21.610731586310017,21.61073158632542,0.0005791561615351437,11.0,199.22465649481902,7,0.002300585386353785,0.78959484348637,25.157868927871974,0.8333333333333334,21.61073158632542,0.0,5.127589081798702e-05,1.0988639089331942,1,10006971
26.123114685793183,26.123114685789485,0.00020037769110736736,13.0,123.30559892385362,11,0.004392879734529885,0.9461460310613008,5.884195725336383,0.7777777777777778,26.123114685789485,0.0,0.00023088257997208635,3.694255334826023,1,10058491
22.010595132147795,22.010595132139645,0.000303028387029336,15.0,159.14711642157087,8,0.0039271839418341305,0.3289537402657713,-1.854654720023774,1.0,22.010595132139645,1.0,5.229537935904859e-05,1.2676541193197162,1,10089175
39.45943911065,39.45943911064702,0.0005321788280591155,15.0,153.90800718851028,9,0.00406086734158337,0.6194835299878181,1.9709127230260748,0.8571428571428571,39.45943911064702,1.0,0.0001826480610576276,1.5869324110247687,1,10094670
22.31206475314442,22.312064753129977,0.00036201434428428936,15.0,164.75621946775243,9,0.0037934834995551146,0.7150009120713627,-8.443526990253858,0.7142857142857143,22.312064753129977,1.0,2.5187272628865577e-05,1.0,1,10097171
30.000947895753885,30.000947895761094,0.00044302894340708665,15.0,153.81064450283873,8,0.004063437885070854,0.04649836114179721,-0.2700720695969494,0.7142857142857143,30.000947895761094,1.0,6.794182274420182e-05,1.0706417014536624,1,10189884
71.39018190119778,71.3901819012171,0.00022823528504400947,15.0,5.347911153807665,273,0.11686805970121728,0.30168990466172335,-47.38175035967629,0.8235294117647058,71.3901819012171,1.0,0.06262114423288456,79.06416296863651,1,10208470
29.150376136571506,29.15037613656362,0.0003899759315089124,13.0,123.30559892385362,12,0.004392879734529885,0.9573021234941689,-17.004803465558993,0.7,29.15037613656362,0.0,9.419123982261384e-05,3.3133243528416574,1,10190481
30.441371107008656,30.441371106992523,0.00037224363308929753,13.0,123.30559892385362,12,0.004392879734529885,0.8310432660097455,-0.9197624952772543,0.8,30.441371106992523,0.0,0.0001283213724610244,5.771485676262353,1,10252901
22.49771427467811,22.497714274667164,0.00040119308777941676,13.0,207.09498655396723,7,0.0026155469800593785,1.0988230313961096,0.0,0.6666666666666666,22.497714274667164,0.0,4.421943916451569e-05,1.4897947452784202,1,10266195
45.3689040620111,45.368904062015716,0.0012456045637705415,3.0,198.60198317947865,8,0.0006293995558293908,0.09823812445401045,1259.8559357122062,1.0,45.368904062015716,0.0,6.147037558584592e-05,1.9544856139373776,1,10360825
31.218072508278674,31.21807250826934,0.000707462452271268,15.0,246.66820272003295,6,0.0025337680053937536,0.4348237704984906,-9.912170848336288,1.0,31.21807250826934,1.0,1.8189717607972998e-05,1.5380629923404197,1,10322913
27.68763450834095,27.687634508337077,0.000520399644705849,7.0,155.33749114008518,9,0.0018776321448608839,0.6980304336331596,-6.300532414460491,0.75,27.687634508337077,0.0,0.00013784047749829502,1.5689215876873517,1,10385248
18.57317687715415,18.573176877149397,0.00014534930599618967,15.0,199.9673593951235,8,0.0031255100926998666,0.9865680696742083,0.0,0.5714285714285714,18.573176877149397,1.0,0.00010539800707529847,3.6857112390762494,1,10417251
39.055856810561394,39.05585681054553,0.00019974754080043233,15.0,43.862945121168586,33,0.014248929210600825,0.016399707886950887,-0.1247669092485637,0.9230769230769231,39.05585681054553,1.0,0.0005721406106441295,5.009262297660143,1,10532112
39.34591852969633,39.34591852967255,0.0006827807852560763,15.0,206.3982025031928,6,0.00302812714655464,0.7611223009124148,0.0,0.75,39.34591852967255,1.0,0.00014964196621181794,1.1128550962940331,1,10556590
25.709832207797568,25.709832207784757,0.00023733415441029582,13.0,155.0802789414303,10,0.0034928146271341167,0.9613852896038689,11.105120942822566,0.8888888888888888,25.709832207784757,0.0,4.081144557650167e-05,1.2099870911659356,1,10578148
38.1841850496933,38.18418504969568,0.0005077158722899267,15.0,235.52543321924654,6,0.0026536412287084016,0.9258757757447884,-3.975442996573264,0.8333333333333334,38.18418504969568,1.0,0.000123508006971373,1.3896019693563182,1,10581308
31.99241869252357,31.992418692488144,0.0005291950545008861,15.0,192.5348051143898,7,0.003246166321090214,,10.854494542855697,0.75,31.992418692488144,1.0,9.012493597228903e-05,1.0225472208935311,1,10651431
31.860205065679164,31.860205065660143,0.0007434610620065119,15.0,321.85772056495244,2,0.001941851818570473,0.0750099077329315,7.976709294865714,1.0,31.860205065660143,1.0,0.00019264066712083635,3.690773885779744,1,10615440
33.324440378236986,33.324440378239316,0.00046448616585170743,15.0,215.15010988125664,7,0.00290494855124612,0.8679257917390438,0.0,0.8333333333333334,33.324440378239316,1.0,0.0002204016611371015,2.0159935264698237,1,10657406
23.826942953926075,23.82694295392095,0.00029886420793256985,15.0,206.16777301488736,8,0.003031511622114038,0.9381680801905685,-11.554630160004464,0.7142857142857143,23.82694295392095,1.0,3.908439404231438e-05,0.4391841005837415,1,10722020
44.04009888383298,44.04009888383555,0.0003333269649085091,15.0,206.93159652131158,5,0.0030203217416129692,0.8928498893258379,2.2325989063043394,0.6666666666666666,44.04009888383555,1.0,0.0001687044087637975,1.636021413579813,1,10745115
25.36063520283299,25.360635202835986,0.0002823717624593769,9.0,123.30559892385362,11,0.003041224431597613,0.9844666742904081,-0.20882341589256725,0.6666666666666666,25.360635202835986,0.0,2.475350437176765e-05,1.2897998117991494,1,10779094
21.452556323785064,21.452556323770846,0.00023431799987883029,11.0,214.7993865114884,6,0.002133773940312533,0.7885933300366109,46.7091790918861,0.8,21.452556323770846,0.0,0.0001495218788503523,11.037704905426232,1,10848334
33.2839842338686,33.2839842338776,0.000507029835421835,11.0,104.78944405297739,11,0.004373850223898679,0.5626420488511482,-12.743939773018909,0.7777777777777778,33.2839842338776,0.0,0.000423597905198431,4.453884855123972,1,10877233
28.957487341084548,28.957487341085,0.0005954428671018919,15.0,199.74974565156052,7,0.0031289151230772406,0.9252025977184618,1.24962852954269,0.6666666666666666,28.957487341085,1.0,0.0001857913529995973,4.073524927772593,1,10904004
19.666848868737784,19.666848868738832,0.0003361039874377747,15.0,192.5348051143898,7,0.003246166321090214,,0.834159946117019,0.75,19.666848868738832,1.0,6.292929931354745e-05,1.1442497198290047,1,10911073
64.86731051448689,64.86731051439679,9.784945878621443e-05,11.0,2.6887235765326056,543,0.17046502561055488,1.0,-0.14896280120524352,1.0,64.86731051439679,0.0,0.014461689139847585,152.03078601936025,1,10917136
17.87624190809579,17.876241908075617,0.00018428630257150136,13.0,167.9120806983386,8,0.003225894553946922,0.47635595182201446,0.0,1.0,17.876241908075617,0.0,5.995480765100077e-05,2.69875318289569,1,10924064
181.38679188414773,181.3867918841499,0.00026700125743028824,15.0,6.471097754887906,225,0.0965833037413026,1.0,0.0,0.42857142857142855,181.3867918841499,1.0,0.044765242609548866,71.88008883750999,1,11017901
23.23433069562472,23.2343306956336,0.00021841123070776014,11.0,199.68803822597397,7,0.0022952468130047294,0.9574713946792616,20.265878101000112,0.8333333333333334,23.2343306956336,0.0,4.614733828717149e-05,1.1805776560278034,1,10928043
21.173648192526258,21.17364819254437,0.0003604071039879919,9.0,153.69500891423084,7,0.002439897057485243,0.8760433308443251,5.02123554579903,1.0,21.17364819254437,0.0,0.0002727965172509995,8.138722087038934,1,11017397
16.15319499976771,16.153194999732516,0.0001167128809274054,13.0,154.42429225432508,9,0.003507651929364732,1.0,8.63813209761588,0.5,16.153194999732516,0.0,4.709696268068113e-05,3.036632083084989,1,11075737
25.042967492072563,25.04296749209179,0.00018205016988270817,15.0,38.895723770625025,38,0.016068604448286804,0.47998050849184337,-2.8994279066552053,0.7647058823529411,25.04296749209179,1.0,0.00041284640790652076,7.733807934561732,1,11122894
24.703720499477903,24.703720499486387,0.0004081009801950586,13.0,215.9320530232812,6,0.002508505148183191,0.7445317767654125,0.5741212547594188,0.6,24.703720499486387,0.0,0.00020167340917872986,2.7167933128131336,1,11125797
24.970370142215927,24.970370142218464,0.0002821808424943173,11.0,215.31272052603956,6,0.0021286867409113586,0.9840194574167912,4.4504352586516305,0.6,24.970370142218464,0.0,3.4952601440410584e-05,0.6878069967706624,1,11125992
34.90272570210418,34.902725702037365,0.00010574495427195796,15.0,11.498259736777579,126,0.05435605163805059,0.06207578096567374,-53.77018603569539,0.9411764705882353,34.902725702037365,1.0,0.029863371466613733,116.31723381233095,1,11139692
24.974039948240613,24.97403994823522,0.0006279950088979858,13.0,213.59757342952432,7,0.002535921443159032,0.8540496261156658,-10.440009187817623,0.8,24.97403994823522,0.0,6.735548059591511e-05,1.7003134616043765,1,11153121
29.698281533243208,29.698281533317754,0.0002015887324792187,15.0,207.0091592660174,7,0.00301919007939568,0.781756715858844,31.614699235626986,1.0,29.698281533317754,1.0,6.045848164301481e-05,1.7871206450830186,1,11196226
17.95331872253846,17.953318722529634,0.00027252817642209326,9.0,170.3832911547634,9,0.002200920040095822,0.46684149548908366,-8.442797723606787,1.0,17.953318722529634,0.0,6.512775680584902e-06,1.43501617035746,1,11290469
23.24505651511602,23.245056515113838,0.0003370435586277365,15.0,154.22242599788416,9,0.004052588305209093,0.10249918420180017,8.657946234724712,0.875,23.245056515113838,1.0,8.851378152081518e-05,1.917995834872239,1,11355925
77.84550517457231,77.84550517453667,0.000448640618220586,15.0,203.36761532054865,7,0.0030732523416517085,0.7727838761467793,-7.759391321471298,1.0,77.84550517453667,1.0,0.0005217839653552785,1.6044116010235274,1,11359056
29.640243014021628,29.640243014066765,0.00019029343028897916,7.0,215.43645872826642,6,0.0013538407955106184,0.8318103553397395,1.232603322853798,1.0,29.640243014066765,0.0,2.6415300171426086e-05,0.7420899485114051,1,11446443
27.965633571301414,27.96563357129455,0.0003411676249718276,15.0,123.30559892385362,11,0.005068707385996022,0.6971854894527391,-65.97605772395987,0.6666666666666666,27.96563357129455,1.0,6.0117605891491175e-05,0.9422339922763309,1,11361646
26.627568285290383,26.627568285283395,0.00036054297964238646,11.0,153.62369285694902,8,0.002983480769207411,0.9758534377549614,-21.228391918537426,0.5,26.627568285283395,0.0,0.0002519571269028119,5.6930883845765745,1,11453791
24.42160851629763,24.421608516297457,0.00020360175755951282,15.0,154.5261583358507,9,0.004044622649853306,0.7207237448974475,9.958079665750574,0.8571428571428571,24.421608516297457,1.0,0.00015592039115036656,1.942851094595276,1,11495513
47.65508381086899,47.65508381074315,7.022100852704938e-05,15.0,4.9218892836858075,299,0.1269837584668224,0.23584118528974174,-0.5578858721655422,0.8888888888888888,47.65508381074315,1.0,0.005154518368735991,44.095293115115496,1,11666881
29.262453940940592,29.262453940953524,0.0003109600443802485,15.0,154.76411119639172,9,0.004038403963092521,0.1684273839970248,16.847949080966984,0.8888888888888888,29.262453940953524,1.0,0.0001035609443593929,3.099999465751148,1,11658776
44.85466543060379,44.854665430593705,0.0001647416595191853,15.0,10.046437087426417,144,0.062211109725876505,0.4322250594746507,0.0,0.5882352941176471,44.854665430593705,1.0,0.01791632272544104,75.8658650775482,1,11760235
33.74748714054023,33.747487140543925,0.0001956194839574099,9.0,214.61109464200297,7,0.001747346755886712,0.22677798527570056,14.952390858136155,1.0,33.747487140543925,0.0,0.00013546807802936286,2.177678887642936,1,11713414
27.72565602982519,27.725656029829832,0.000674618672862004,13.0,193.96407828606087,5,0.0027926133099130308,1.0,8.575934483445735,0.75,27.725656029829832,0.0,0.00018874970547703515,7.5265872527583335,1,11766750
23.950918958753682,23.950918958759612,0.0004941545171299744,15.0,203.74399168890548,7,0.003067575121205566,0.9913682438340548,-2.1788198198979813,0.5,23.950918958759612,1.0,5.447535052538669e-05,3.3337309309749705,1,11803247
214.5840579790367,214.58405797914583,0.000288312591600115,15.0,2.2849720633608612,643,0.2735263200901966,0.4816167438548233,-64.5896787005995,0.6666666666666666,214.58405797914583,1.0,0.05044977285676555,88.93698876662877,1,11904011
36.34044952431408,36.340449524324455,0.0005780182638577269,11.0,215.00827953441157,7,0.002131700855082551,0.7857993470104282,6.895546405871755,1.0,36.340449524324455,0.0,2.3396255069827704e-05,0.4342855035972101,1,11908749
34.66793229660526,34.66793229663096,0.0002065109095421569,15.0,214.69355507998938,6,0.0029111260455263357,0.5978488183454298,1.1993763842088612,1.0,34.66793229663096,1.0,3.2906682097944214e-05,0.4807330991052761,1,11953957
26.652207365496828,26.652207365508076,0.0005007984057536774,7.0,213.84896091227364,6,0.0013638909696938666,0.9738088872767017,0.6713551424786246,1.0,26.652207365508076,0.0,2.4248393758670437e-05,2.190172519556006,1,12053194
20.67499495295934,20.67499495297263,0.0003389589661293435,15.0,123.2562286069983,11,0.005070737658157695,0.8137347507171366,-0.9081906651164928,1.0,20.67499495297263,1.0,7.772384818780851e-05,4.509564693082113,1,12055539
31.945380391459587,31.945380391488566,0.00027470374257942964,7.0,58.7981954610944,25,0.004960469694340479,0.21896235653020157,0.0,0.9411764705882353,31.945380391488566,0.0,0.00012131859827134293,2.6586126890032657,1,12066128
33.76601861175899,33.76601861173399,0.0003135421273225969,15.0,154.79379907172765,9,0.004037629438310965,0.31657164867969495,14.425682654417571,1.0,33.76601861173399,1.0,5.1787404347418264e-05,3.1597538201434663,1,12109421
25.416080596894748,25.416080596892204,0.000420448280406549,15.0,165.93966928765516,9,0.0037664291045233266,0.752974861872823,14.054119007456123,0.6666666666666666,25.416080596892204,1.0,8.468746377967426e-05,5.965623222469704,1,12067363
23.38925407326194,23.389254073278266,0.0004576867170122956,9.0,199.3877324793602,7,0.001880757634067675,0.7266706060212169,-2.7302871348222624,0.7142857142857143,23.389254073278266,0.0,3.498406125231783e-05,1.326925542618523,1,12215240
32.58245577278631,32.58245577277983,0.0002830993870345244,15.0,154.76411119639172,9,0.004038403963092521,0.2487572437202476,25.288647771959383,1.0,32.58245577277983,1.0,9.494309073252586e-05,5.23842183219066,1,12300524
51.28612575727085,51.286125757337174,0.0002610175775532575,15.0,158.2281514288656,8,0.003949992427744315,0.8658741507452054,-10.71788771955795,0.6666666666666666,51.286125757337174,1.0,0.00015575679971406673,1.02842732856614,1,1719974
22.70426178588434,22.704261785876845,0.00046096591481969984,11.0,153.71577740513277,8,0.0029816934934749836,0.9896686372246704,-23.358156115982354,0.7142857142857143,22.704261785876845,0.0,5.757886278812646e-05,1.3997314485927552,1,12457730
32.171598095359926,32.171598095348195,0.00044284246578563113,15.0,123.2819501648529,11,0.005069679698968491,0.9907367115680953,-46.090600805293036,0.6666666666666666,32.171598095348195,1.0,0.0001618989566415367,2.6619042068768968,1,1724719
38.98000332689311,38.98000332685124,0.00033433363063639643,15.0,215.92162397609903,7,0.002894568818494914,0.8327161792757142,0.0,0.8571428571428571,38.98000332685124,1.0,0.00011265171661542948,1.2960435673659136,1,1849415
42.39141784272709,42.39141784271007,0.0007245282323112834,15.0,154.077488072672,9,0.0040564005022279,0.34042219212969477,-33.14402382681436,0.75,42.39141784271007,1.0,0.00044675883680544417,6.041958333927507,1,2301527
31.257493645371085,31.257493645400377,0.00019869230299796037,15.0,154.93284818145466,9,0.004034005747238383,0.4334901251532079,0.059632321525171506,1.0,31.257493645400377,1.0,0.00020890390738965615,4.464517374822549,1,2441876
33.23255673653566,33.23255673653067,0.0002841534929726164,15.0,154.19284770608908,9,0.004053365699499424,0.8196955891832018,-0.32776657632460626,1.0,33.23255673653067,1.0,0.00012739048478566887,2.428379589606343,1,2445665
54.95117139456932,54.95117139459553,0.00023944274042686509,15.0,12.022305505837847,122,0.05198670086170324,0.23621294069885035,1.7023900610313447,0.9411764705882353,54.95117139459553,1.0,0.0034858741815915802,51.12071313990133,1,2572793
31.451850999918314,31.451850999901424,0.00024302626770611457,15.0,209.93120620063644,7,0.0029771657644965467,1.022038977222782,29.487578934173087,0.5714285714285714,31.451850999901424,1.0,0.00017427275719096737,3.8357023194184574,1,2574376
34.63843056275923,34.6384305627722,0.0004974921591969217,15.0,169.44078699597605,9,0.0036886042084710263,0.7270938494185868,-44.31728138554192,0.875,34.6384305627722,1.0,3.8848128869951926e-05,1.176312243824621,1,2715251
40.29869637487289,40.29869637485899,0.0006387240726116739,15.0,154.07213308494954,9,0.004056541487975626,0.5750689465712111,-21.343201989765248,0.8571428571428571,40.29869637485899,1.0,0.0001378716827468858,1.570644527879002,1,2716664
19.60651877005899,19.606518770068114,0.00033723670436147657,15.0,123.14412626419441,11,0.005075353725431613,0.9103274721995639,18.985816851890824,0.8888888888888888,19.606518770068114,1.0,0.00029806383396707205,5.274972732855859,1,2718136
30.9182569577067,30.918256957702784,0.00039353744340453467,15.0,123.23103436240082,11,0.005071774356465959,0.6647049176034552,-12.211777450588102,0.7,30.918256957702784,1.0,0.00018888386168835632,2.718210218441868,1,2853446
37.4028967524292,37.40289675243038,0.0005428071998758721,15.0,123.2819501648529,11,0.005069679698968491,0.8133878664087318,7.7463254137821735,0.7777777777777778,37.40289675243038,1.0,0.00018696089949110886,3.0173713009158196,1,2987027
28.392405132374037,28.392405132351858,0.00024298242669607006,13.0,154.16263169528838,9,0.0035136054743623154,0.13720277911428183,-27.16479394671012,0.6666666666666666,28.392405132351858,0.0,7.524406508619933e-05,3.4465851877752374,1,2989404
52.136615760648866,52.136615760664604,0.000350073855691746,11.0,215.51651050202366,7,0.0021266738787932894,0.4825049226991997,6.380369341973946,0.7142857142857143,52.136615760664604,0.0,0.00034556387771114407,0.5005222901964412,1,2991562
36.47051846546969,36.47051846544398,0.0003153185546143078,15.0,194.90028161177307,8,0.0032067680704790037,0.836712910429377,0.0,0.75,36.47051846544398,1.0,0.0001600789643229791,4.619993260731559,1,3003576
34.9106056052094,34.91060560524574,0.00025952283128471976,15.0,123.30559892385362,11,0.005068707385996022,0.6452195503702952,-25.436417318669413,0.6666666666666666,34.91060560524574,1.0,0.00033437725931682795,7.535679507575343,1,3098810
614.150186200292,614.1501862002987,0.0006643846912907092,15.0,4.69262900650776,313,0.1331876010511905,0.0,0.0,0.2777777777777778,614.1501862002987,1.0,0.04161829411096705,43.61955150416315,1,3440118
29.977231854028865,29.97723185403044,0.00029380031564607556,15.0,123.2819501648529,11,0.005069679698968491,0.7958343045512092,4.234761211807658,0.7777777777777778,29.97723185403044,1.0,3.3693924106698984e-05,1.111179667385203,1,3446746
54.37281966349816,54.372819663513894,0.0009215181617109325,5.0,128.0671535420382,12,0.0016267507129761236,0.07787727781218157,1089.9208691657059,1.0,54.372819663513894,0.0,0.0002887732539213715,2.516949209352131,1,3533508
37.99324631548442,37.993246315456204,0.00020393252230133108,11.0,35.5923914803258,41,0.012877284000056123,0.009617793564131666,17.96927647568225,0.8235294117647058,37.993246315456204,0.0,0.0012949127604510995,17.86043503263286,1,3541946
69.071172092814,69.07117209280041,0.0002297270832640752,13.0,11.736769449742814,125,0.046151257293252534,0.021214641695039116,0.0,1.0,69.07117209280041,0.0,0.0031177608836264812,40.61655490356955,1,3543138
33.978172363180256,33.97817236317663,0.0007658963449891365,9.0,168.22448361770202,7,0.002229164221138018,1.0545248709605985,-0.21254707904816428,0.8,33.97817236317663,0.0,0.0001315718648926505,3.576818401267812,1,3557114
1385.1397735484204,1385.1397735485293,0.0023944378672663413,15.0,7.270560004564725,202,0.08596311695489783,0.026917023659175813,0.0,0.7777777777777778,1385.1397735485293,1.0,0.08689264596201937,136.01193207538472,1,3735720
44.8691893252562,44.86918932518556,0.00017729269985067297,9.0,120.10806806897936,12,0.003122188259531686,0.7362761735377619,-9.401852486767837,0.7142857142857143,44.86918932518556,0.0,0.00011538848398622606,3.9113541928354,1,3654361
25.49942659692826,25.499426596948066,0.00023877600089261541,15.0,123.30559892385362,11,0.005068707385996022,0.9981234306184023,-47.24959758539704,0.6666666666666666,25.499426596948066,1.0,0.0002008746107028417,1.8039800073100907,1,3847642
33.833174198422675,33.83317419841618,0.0004934207695042048,15.0,123.30559892385362,11,0.005068707385996022,0.9910761932159089,-44.00767513623727,0.5555555555555556,33.83317419841618,1.0,0.00034141859157696457,5.326533948611368,1,3847809
24.924119134640414,24.924119134663357,0.00041912433630764134,15.0,204.2705264410326,7,0.003059668033804283,0.9010277466147303,-12.687117918019908,1.0,24.924119134663357,1.0,0.00022085394314075513,2.1354385696393754,1,3851162
30.229148852352488,30.229148852334216,0.00046581408013601777,15.0,162.66830482235656,9,0.0038421744216400183,0.6962986970265292,-15.226383678346167,1.0,30.229148852334216,1.0,9.653365329597915e-05,1.4039832266044863,1,3854725
33.093702451079395,33.09370245107146,0.0008798583938574023,9.0,212.6446876470246,6,0.0017635051416025683,0.2284120616536083,36.14862179568412,1.0,33.09370245107146,0.0,7.449420764703445e-05,1.0,1,3859406
29.107712197231248,29.10771219723226,0.0006187803255038871,15.0,154.1125299680062,9,0.004055478163454653,0.23655576625266972,-20.25240510405979,1.0,29.10771219723226,1.0,6.0348901883562175e-05,2.5832681794296604,1,3953177
37.420663230305706,37.420663230287246,0.0004386668919423853,13.0,156.7155013139797,10,0.003456369421818948,0.6110613853842828,0.0,0.8571428571428571,37.420663230287246,0.0,0.00037823415986071746,1.2871528915807517,1,4068696
40.88501379933029,40.88501379931039,0.00024458375976776914,15.0,215.08335787256345,7,0.002905850114030261,0.5101822125858547,10.645046959245619,1.0,40.88501379931039,1.0,0.0001130086601916797,1.0,1,4048898
854.8994223701633,854.8994223701395,0.0018050720199207504,15.0,3.785330515072675,386,0.16511107749015164,0.1356246665544789,0.0,0.7857142857142857,854.8994223701395,1.0,0.04083436452598673,59.56403293963362,1,4168758
6629.600915009411,6629.600915009105,0.004704929376559419,15.0,2.0640257291065756,712,0.30280630284126087,0.014209331502815017,-1424.2772549604156,0.7777777777777778,6629.600915009105,1.0,0.39520740635596774,2005.8517101152333,1,4245449
33.67309290557031,33.673092905575,0.0007529697467054675,15.0,200.15585757380805,7,0.0031225666217114304,0.9674612635854148,-2.445720802102258,0.75,33.673092905575,1.0,7.995633188365945e-05,0.6446607186580259,1,4176763
27.858463276790264,27.85846327679064,0.0001259792177260577,15.0,155.2565771670089,10,0.0040255943510057535,0.923998570462392,0.0,0.7777777777777778,27.85846327679064,1.0,0.00019417541366695238,2.0868203049644025,1,4263324
30.769932734318722,30.7699327343071,0.00019010689024623328,15.0,140.08472617443365,11,0.004461585620845982,1.0764190291256202,0.0,0.5555555555555556,30.7699327343071,1.0,4.024373623926534e-05,1.3672646621188558,1,4274340
23.717559112466404,23.717559112457963,0.00039444142770428403,15.0,209.04344477522739,6,0.0029898091311690122,0.837764505106988,0.18421751435404587,0.8333333333333334,23.717559112457963,1.0,0.000173574106678842,3.0250440133801204,1,4364882
24.018838299336842,24.01883829937248,0.00016760128026560572,15.0,153.95577317438406,9,0.004059607425647294,0.8575651608124141,-0.3367281820043644,0.6,24.01883829937248,1.0,0.00011670610432804007,4.08236708443417,1,4370718
31.820742105701804,31.820742105700006,0.00018862636739647165,13.0,156.23151017993075,9,0.0034670769426912206,0.8513432929055204,20.475373188277857,0.8333333333333334,31.820742105700006,0.0,0.0004743658189216981,2.061751689564072,1,4383803
27.580544555867704,27.58054455587502,0.0005703163436062697,15.0,208.93184201921127,6,0.0029914061636547064,0.8436521656815327,-1.210240432092391,0.5,27.58054455587502,1.0,6.11897251468652e-05,1.1400167120286582,1,4490159
29.851058456352266,29.85105845633256,0.00016581686382544092,15.0,215.66631513151643,7,0.0028979954501418825,0.37916989127930373,-4.602592675873041,0.5714285714285714,29.85105845633256,1.0,0.00022669736722743635,1.433962246333959,1,4543158
35.92862383822409,35.92862383823571,0.0005504097458796098,15.0,215.1246165847155,7,0.0029052928015510333,0.9203677386900078,0.21744190681349806,0.8,35.92862383823571,1.0,6.347679036065744e-05,0.48339748312757064,1,4545738
35.07885801358755,35.07885801359755,0.0007053139089807647,9.0,211.56820595636222,7,0.0017724780446327886,0.12332317608215873,-1.8388617579745414,1.0,35.07885801359755,0.0,6.55479715593328e-05,1.0,1,4546746
38.56093853644347,38.56093853645798,0.0004069925735938895,11.0,191.57520944494988,8,0.002392445946744679,0.6300439932377827,22.56792584476308,0.8571428571428571,38.56093853645798,0.0,6.879330093653413e-05,1.3336384477798553,1,4742888
281.29265109898506,281.2926510990127,0.00047278082468604765,13.0,124.7796203582539,11,0.004340986654002402,0.0,0.0,0.4444444444444444,281.2926510990127,0.0,0.00010407398025198983,0.9771033061182393,1,4831185
31.730062336343604,31.730062336412207,7.730256685067882e-05,15.0,7.175686583524056,203,0.08709967927460062,0.13869781081082105,-27.131042784844794,0.7647058823529411,31.730062336412207,1.0,0.023275473088889546,238.52462227848127,1,4820550
18.01792435903881,18.01792435906188,0.00020484742830972902,15.0,218.22109872636165,7,0.002864067698530465,0.5510748607288929,9.110144359003591,0.8333333333333334,18.01792435906188,1.0,4.568000101579052e-05,3.257318970422952,1,4831267
27.486446413380087,27.486446413380794,0.00036604241697713036,15.0,152.6595992238027,10,0.004094075991145075,0.7620214070698721,7.549303407849983,0.5,27.486446413380794,1.0,0.00020694138278590712,2.375700992427157,1,4845295
1401.0057785974927,1401.005778597676,0.0006505215288395982,15.0,3.6156901051902097,407,0.1728577344343842,0.3438584926009891,0.0,0.6666666666666666,1401.005778597676,1.0,0.020511763108454845,44.47455185536732,1,4935189
30.24451565076026,30.244515650756007,0.0007806747192238284,15.0,215.63886764381832,7,0.0028983643200739873,1.000548323442927,0.0,0.75,30.244515650756007,1.0,7.327798180755595e-05,1.0,1,4939472
23.12087767215661,23.120877672137794,0.00042071624713213573,9.0,202.8405807551383,7,0.0018487424883321857,0.7640135835113446,-16.524556173624916,0.8333333333333334,23.120877672137794,0.0,0.00019707971000800873,1.6456720107533795,1,5033073
61.48965444611386,61.48965444611997,0.0006585414896863595,3.0,21.12394968491981,69,0.005917453973545313,0.9919274403040026,-0.9419375153196796,0.9411764705882353,61.48965444611997,0.0,0.00014485362366572973,2.1079099997126343,1,5036291
23.953032955996946,23.953032955991436,0.00019374053058296425,15.0,154.077488072672,9,0.0040564005022279,0.7268244422650606,0.0,0.75,23.953032955991436,1.0,0.0001968988543909281,1.5555481148303707,1,5084184
25.238949873605506,25.238949873600976,0.00040306510333054657,15.0,199.01243170967902,8,0.0031405073272596116,0.9658159948937399,13.44818718385099,0.7142857142857143,25.238949873600976,1.0,9.666738735000319e-05,1.2580684933312973,1,5095635
22.053703338034495,22.05370333803283,0.00021229834651015356,13.0,212.74504134243594,7,0.002546083627842569,1.0131099317862753,-6.340426229600737,0.4,22.05370333803283,0.0,6.758536942383597e-05,2.1553320115774453,1,5192450
27.6852755337365,27.685275533732135,0.0003638502011921174,15.0,224.77342711450905,7,0.0027805777934844524,0.48384812884999717,8.571249684896642,0.8571428571428571,27.685275533732135,1.0,9.609835104393454e-05,1.1112053471222674,1,5096839
23.94880443004974,23.94880443004819,0.0004377257053104211,15.0,200.8993720199673,6,0.0031110102222613296,0.991111557195127,25.161491343905773,0.8,23.94880443004819,1.0,2.987587430515601e-05,1.0713069113238691,1,5212312
32.05304398955586,32.05304398954046,0.00046857224423513255,15.0,153.33990373938144,8,0.004075912301746702,0.801652300409074,3.5137882495872574,0.7142857142857143,32.05304398954046,1.0,0.00038533413031073847,7.764097374410207,1,5296040
33.3811982097648,33.38119820973988,0.0002884355779719794,15.0,166.67158107980077,7,0.003749889428964833,0.8455045725376014,-0.7287934478128477,0.6666666666666666,33.38119820973988,1.0,0.0002417954297935652,1.8496040917951764,1,5297117
34.47998265835278,34.479982658323834,0.00048440842421770824,13.0,215.5514713840053,7,0.0025129342109740764,0.41139101524641,0.0,0.8333333333333334,34.479982658323834,0.0,0.00026513021503297236,2.151614208659485,1,5341188
18.045691675372613,18.045691675376595,0.00019357287414611957,13.0,218.63327495918588,7,0.00247751247731062,0.782297788850861,44.65654029450761,0.6666666666666666,18.045691675376595,0.0,0.00019428694078220813,2.4591620271231727,1,5350800
36.812313569279546,36.81231356930362,0.0003021185628639955,15.0,48.459313884661704,29,0.012897417439453768,0.09244027661593664,0.0,1.0,36.81231356930362,1.0,0.0007985969467413934,5.352188051172402,1,5427752
28.097575284223964,28.097575284210876,0.0003899760603647273,11.0,123.81418605280618,12,0.003701783680408449,0.9324147266328137,0.0,0.6363636363636364,28.097575284210876,0.0,0.00011151074519368431,1.378922352520208,1,5364578
25.54203946830353,25.54203946832287,0.0006278291272967529,11.0,233.69629761677504,6,0.0019612348933526003,0.8595428667074755,-6.5609703334690295,0.6,25.54203946832287,0.0,4.644224582673362e-05,3.8314789325411316,1,5396984
25.637260444157853,25.63726044416882,0.00025056892193187075,15.0,193.5754177562889,7,0.0032287157493668633,0.3985315273532264,0.0,0.8333333333333334,25.63726044416882,1.0,9.265302164743372e-05,2.2295631176150037,1,5559280
58.85658092950979,58.85658092952642,0.0002903525794185624,1.0,12.172336083584577,120,0.0034230624574076362,0.26374721142142604,7.767925417456745,1.0,58.85658092952642,0.0,0.00011550807504893684,2.0111077805091377,1,5716763
19.155813363245784,19.155813363227203,0.0003908118070150568,13.0,216.7215841712665,5,0.002499366497056467,0.2298318750545008,-69.50953759043976,0.8,19.155813363227203,0.0,0.00010654195981006053,2.4978473896237285,1,5698009
32.81399355197766,32.813993551990315,0.0004839774310803069,15.0,153.32270843440367,8,0.004076369419650547,0.963828772031699,-2.1238185308192215,0.8571428571428571,32.813993551990315,1.0,0.00017752860077481367,4.007650875450964,1,5736909
22.95974322121108,22.959743221164427,0.00018195126554465535,15.0,124.19712798850534,12,0.005032322487021156,0.8066130456404119,-12.422294280334256,0.8,22.959743221164427,1.0,8.143028903521397e-05,8.227086835546093,1,5807846
23.10828084782284,23.1082808478581,0.0003480172326731923,13.0,215.52275186208863,7,0.002513269072460967,0.703407929099647,0.0,0.8333333333333334,23.1082808478581,0.0,0.000142965089592556,3.199468093243366,1,5809890
9.984766745481556,9.98476674550832,0.00012347918616784082,9.0,200.0401639691824,7,0.0018746235383898776,1.0648975451704363,2.5483223069500127,0.8,9.98476674550832,0.0,4.298961537937408e-05,3.1929428611383717,1,5859725
24.196798608987795,24.19679860900796,0.0001863135477617739,13.0,168.84773240709453,8,0.003208018603179697,1.0,-12.761109637882129,0.7142857142857143,24.19679860900796,0.0,0.00032356192122564415,5.653569592719989,1,5894197
25.29858699319556,25.298586993196473,0.0005912029141161845,13.0,204.4491396175714,7,0.0026493956769877893,0.7207705133264003,15.814773504763124,0.8,25.298586993196473,0.0,0.00017802396071600596,2.1617717357722865,1,5938255
29.588898386881283,29.588898386874405,0.0004944758791308734,15.0,200.96689421573433,7,0.003109964964324292,,3.064048001766295,1.0,29.588898386874405,1.0,0.0002515230542796251,2.2628523319034737,1,5941160
25.825033104279928,25.825033104273103,0.0005573888557811602,15.0,145.06570617831193,7,0.004308392496513009,1.0562771427429782,-70.97658417953845,0.6666666666666666,25.825033104273103,1.0,0.0001472137017300339,1.572490667560575,1,5944707
22.83700845942411,22.837008459439232,0.000477656427222084,11.0,217.36950419474658,7,0.0021085447796886053,0.8673993285532803,-38.82591459825058,0.7142857142857143,22.837008459439232,0.0,7.991546444850245e-05,1.75943022569193,1,5991815
30.842649793428237,30.842649793428233,0.00021863619773898613,13.0,46.527631546283786,31,0.011641827633711353,0.27536277491196076,70.65000593686754,0.6923076923076923,30.842649793428233,0.0,0.00016178282583687395,2.4933794584770506,1,6026138
17.25926011363459,17.259260113641286,0.0002249117241791554,9.0,153.47148025331046,10,0.002443450727008356,0.5624118674816508,-14.324841320023651,0.5555555555555556,17.259260113641286,0.0,0.00019258427631794778,7.042962164305401,1,6035124
24.194754208515057,24.19475420852369,0.0002893795949501232,11.0,167.26183599847846,9,0.0027402146496676187,0.9797541442212122,19.547774974482124,0.75,24.19475420852369,0.0,6.026702499149154e-05,3.3011963328300586,1,6047482
13.398304722612972,13.398304722609288,0.00017251844508681113,11.0,200.15781459058311,7,0.0022898598002323344,1.0790327056847258,21.967951704282562,0.8,13.398304722609288,0.0,0.00014915259520322056,2.453182589163427,1,6107308
31.24100872814805,31.24100872814241,0.0002685053841984253,13.0,229.8424328970665,7,0.002356686969586894,0.8439532746681659,2.1685937856563697,0.8333333333333334,31.24100872814241,0.0,8.425973611407118e-05,1.7151766214849755,1,6141529
20.23162043396066,20.231620433938804,0.00028462949696239637,13.0,168.53581991435362,8,0.003213955745086892,0.6644436877711378,5.620381566928678,0.75,20.231620433938804,0.0,9.287436863829287e-05,3.0553331833174533,1,6187121
12.310710215078077,12.310710215070289,0.00020159033650479774,9.0,192.8125736881764,7,0.0019448939082492816,1.0954655342011521,-39.47380906832443,0.8,12.310710215070289,0.0,0.00011564564900767823,4.755807299898744,1,6188427
21.37312679350927,21.373126793510956,0.0004197928221557623,9.0,217.12055209888308,6,0.0017271510982028728,0.15445063514400326,0.0,0.8333333333333334,21.373126793510956,0.0,7.37606477606786e-05,2.240272901924092,1,6208985
27.261489696529846,27.261489696525388,0.0006400554669148129,13.0,201.18920809406026,7,0.0026923246619342815,,0.0,0.75,27.261489696525388,0.0,0.0001534698823186778,3.1483749470152667,1,6266423
23.33003892428206,23.330038924364267,8.447841657988064e-05,15.0,164.0690193865522,9,0.003809372435678906,0.8932445114133598,0.0,0.8571428571428571,23.330038924364267,1.0,8.352986942726608e-05,1.0289722742265617,1,6268648
39.59503616793693,39.59503616793807,0.0005817380271931905,13.0,196.82654332552013,7,0.0027520000987409266,0.27734627843539095,0.0,1.0,39.59503616793807,0.0,0.0004598479065847472,4.777195831109316,1,6265665
24.090972276542406,24.09097227655695,0.0003490208636164338,15.0,206.0838064973134,7,0.0030327467772590265,0.009390621485878136,-8.641057049674217,0.6666666666666666,24.09097227655695,1.0,0.0001202414093961246,1.6831780838327015,1,6272284
18.232736883516626,18.232736883508274,0.00034659380908608206,11.0,230.53900603230647,5,0.0019880945147698996,0.9908595209323892,5.915097102349165,0.75,18.232736883508274,0.0,3.112365303564432e-06,0.1436080930530071,1,6304294
34.58545196594916,34.58545196594622,9.26441732325145e-05,15.0,10.94042086798,134,0.05712760117201942,0.14343686968447164,-10.355402408235292,0.7647058823529411,34.58545196594622,1.0,0.03204850810892827,232.22528420371472,1,6305665
21.089880573600905,21.08988057360123,0.00017463482945034858,9.0,201.9645564396603,7,0.0018567614368119904,0.2350390764410641,0.0,1.0,21.08988057360123,0.0,7.207609870466362e-05,2.1443509814020274,1,6289257
20.834759530594244,20.834759530597356,0.00031815587377692633,15.0,196.8167791258529,7,0.0031755422620768975,0.15139203503786153,0.0,0.8571428571428571,20.834759530597356,1.0,0.00019645568457654565,3.5686855136002174,1,6372346
19.99953131424388,19.99953131422043,0.00021202967341327206,13.0,145.55817459117947,9,0.0037213070869294247,0.3716882889515765,-11.069092351378984,0.8888888888888888,19.99953131422043,0.0,3.835705138120677e-05,1.3378661004852805,1,6374248
24.020962613464242,24.020962613445494,0.0001319629866015637,15.0,190.77222899306344,8,0.00327615818769264,0.8126949158409281,-14.86042920140207,0.8571428571428571,24.020962613445494,1.0,5.0538017596580724e-05,2.0102079186554955,1,6422390
25.74367269085164,25.743672690847966,0.00032404653957052165,15.0,154.79379907172765,9,0.004037629438310965,0.5863944116067299,0.0,0.7777777777777778,25.743672690847966,1.0,0.00017653112589093576,7.834204304911731,1,6381240
22.070202689652263,22.070202689649616,0.0001759074700077301,15.0,168.04630456709356,8,0.0037192129967396266,0.9563609436693842,26.129565101618013,0.8571428571428571,22.070202689649616,1.0,4.8786620387295996e-05,0.648760031613359,1,6431254
104.89468365401785,104.89468365408915,0.0005760586958117875,3.0,5.748903829204724,248,0.021743275538024073,0.0020591372723303427,0.0,1.0,104.89468365408915,0.0,0.012673741476505372,71.43464089074739,1,6584971
38.656344518257114,38.65634451825752,0.0007794734495164546,5.0,127.43979077130737,12,0.0016347589090693869,0.3042713143403165,-6.59146443204861,1.0,38.65634451825752,0.0,1.5705230116641602e-05,1.1198187956397083,1,6508221
27.207891638326053,27.20789163831699,0.001035242842888695,13.0,194.27563829712886,3,0.002788134793505253,,-1.9260563428602495,1.0,27.20789163831699,0.0,0.00010722061215179275,1.0,1,6582949
41.00586158577219,41.00586158576658,0.00047209950994997474,5.0,140.05054678053872,11,0.0014875581575543204,0.009174964224925329,488.4744552650089,1.0,41.00586158576658,0.0,1.770100512957134e-05,1.6919509460445026,1,6627290
41.33099885970544,41.33099885983044,0.0001129667752746144,15.0,4.986007649362233,291,0.1253507904425186,0.4075093396919506,-12.271903012450736,0.7058823529411765,41.33099885983044,1.0,0.02156536016893355,61.29339964589676,1,6634112
30.714839526885964,30.714839526878485,0.0006886587841392622,15.0,154.22242599788416,9,0.004052588305209093,0.9180882946682676,-29.534179310619635,0.8571428571428571,30.714839526878485,1.0,5.1735784273315e-05,0.818316299852937,1,6664842
30.032260736126293,30.03226073613145,0.00041586504520096934,15.0,155.00379998114914,10,0.004032159212070992,0.968382651904074,-17.082775146892715,0.6666666666666666,30.03226073613145,1.0,6.414444521980307e-05,1.5763572998099993,1,6665695
18.277380024925225,18.27738002495212,0.00019659186485543323,15.0,123.96769857758039,11,0.005041635903314507,0.47744388342387695,1.0808094559333625,0.6363636363636364,18.27738002495212,1.0,0.00013957504237443384,4.135111871710274,1,6697817
504.25695915648805,504.2569591567506,0.00041112691048172945,15.0,6.143420719462756,238,0.10173485237954799,0.0,0.0,0.3888888888888889,504.2569591567506,1.0,0.02958890329250079,43.51407901338677,1,6779260
24.025477910943284,24.025477910944097,0.0003385448845013572,15.0,204.93246257709114,7,0.0030497852421252614,1.035349852360055,-6.70324072027384,0.6666666666666666,24.025477910944097,1.0,0.0001475996706895062,11.658692057564435,1,6768394
24.816107574771777,24.816107574778822,0.00048137214284260654,13.0,201.07983712252076,7,0.0026937890661639114,,-0.0732521308055567,0.75,24.816107574778822,0.0,0.00019871538032783376,4.882060662002604,1,6841696
16.674959062042184,16.674959062036947,0.00032621302692026344,7.0,123.51011044796329,12,0.002361480089434058,0.8587832150142825,6.754648183893153,0.5714285714285714,16.674959062036947,0.0,9.003377908752678e-05,5.090618774351311,1,6842313
31.74539369252056,31.74539369249182,0.00026019350943806696,15.0,218.11763931916124,7,0.002865426207393832,0.2670925182395559,-27.39570461107732,0.42857142857142855,31.74539369249182,1.0,0.0002597265695769114,3.483578652336912,1,6851708
26.451132881528622,26.45113288156128,0.00020921639185933483,15.0,153.6133780816204,10,0.004068656049396393,0.7942339640145488,32.01521146223296,0.7,26.45113288156128,1.0,0.00014395316545687994,2.87509179850855,1,6853029
21.57999758044744,21.579997580446562,0.0002539288483141,15.0,107.89264588025873,14,0.0057927951891516005,0.3283486222625558,0.8820355900107657,0.6363636363636364,21.579997580446562,1.0,0.00032486625326631606,7.497963461275545,1,6946708
25.18332413780093,25.183324137803034,0.0004424203866025822,15.0,216.69076880402508,7,0.0028842945338629048,0.7772262875271535,3.652114081376112,0.6,25.183324137803034,1.0,7.643021180215264e-06,0.04876868704609512,1,6949061
24.107478054391304,24.10747805436971,0.0002471372941170724,15.0,123.30559892385362,11,0.005068707385996022,0.6856239731527316,9.073556587635423,0.6666666666666666,24.10747805436971,1.0,0.00011780901098472072,2.135681091404968,1,6949198
31.837635582596437,31.8376355826049,0.000336010915438556,15.0,154.077488072672,9,0.0040564005022279,0.6299471924047128,-16.382973086592756,0.5555555555555556,31.8376355826049,1.0,0.0003140174940265979,1.8445461299355599,1,7044893
26.125875427935032,26.125875427937324,0.00044155580473947964,15.0,206.0208616977004,7,0.0030336733612787146,0.9433492045532048,-5.317387316017275,0.8,26.125875427937324,1.0,0.000157294006649976,2.474704644727929,1,7116234
81.39714074425154,81.39714074437822,0.0001844364921884667,9.0,37.20741629507079,39,0.010078635856520886,0.4533516570393167,1.1953240030004864,0.9411764705882353,81.39714074437822,0.0,0.0018097568243819885,17.833197311290714,1,7135676
22.29901940586162,22.29901940585204,0.00032282435712394086,15.0,169.50509519423358,9,0.003687204796314949,0.3003803734645166,-1.1350158051204318,0.75,22.29901940585204,1.0,7.847473132287285e-05,2.2794310558627706,1,7204360
26.36029023339007,26.360290233412037,0.0003564372746940325,15.0,205.9668582973345,7,0.0030344687740866917,0.9146884992205339,-9.495959232053153,0.8333333333333334,26.360290233412037,1.0,0.00016440947891825346,1.99013790335234,1,7205717
10.91482522339422,10.914825223403842,0.0003591700964501454,11.0,170.101165696123,9,0.00269447496998417,0.14416139580081966,-24.14787462967638,1.0,10.914825223403842,0.0,4.195662964107053e-05,1.7671812752096125,1,7213876
34.41201740683201,34.41201740683207,0.0008175765646746269,13.0,153.90800718851028,8,0.003519418362705587,0.5928783652556566,-25.433296748422762,1.0,34.41201740683207,0.0,0.00016781063423143506,4.434023249523851,1,7256715
39.76224749783269,39.76224749782852,0.0005100007651079874,11.0,200.28326980956948,7,0.002288425457448939,0.05999019353103845,-8.931863825445419,1.0,39.76224749782852,0.0,0.00012258273057693918,1.0632938776235772,1,7335881
25.17997620742532,25.1799762074291,0.00030220858209206725,15.0,164.10889992063287,8,0.0038084467100947326,0.731718741201697,-9.019856525904757,0.375,25.1799762074291,1.0,4.5346309469118445e-05,0.6548220793480922,1,7345813
21.306083614090824,21.306083614102285,0.00036012628460591056,15.0,205.7045241894666,7,0.0030383386192533923,0.8769716015802009,17.24395801627754,0.6666666666666666,21.306083614102285,1.0,0.00023214795943330425,7.005164938972959,1,7352971
27.43744392557152,27.43744392556287,0.00030469216519724007,5.0,44.76951700001691,33,0.0046534639480978685,0.02713354357580827,304.11610904135244,1.0,27.43744392556287,0.0,9.713608087235928e-05,6.2616207268191655,1,7373610
32.621885898628385,32.62188589862268,0.00032254999252967487,15.0,124.88796702268303,12,0.005004485339139864,0.11628260231556849,-3.194938876127651,0.8181818181818182,32.62188589862268,1.0,0.00021207777414977504,3.023595463092002,1,7421448
34.37487432996626,34.37487432996454,0.0011870962739152224,11.0,167.60189663542408,8,0.0027346548131870047,0.3283147147191025,51.409944209601655,1.0,34.37487432996454,0.0,0.0002971218974471646,2.7160323192506683,1,7524239
31.413320072642737,31.413320072622216,0.00014355404170907082,13.0,154.68053866731984,9,0.0035018410934788617,0.6401961033318464,6.868996728082166,0.7777777777777778,31.413320072622216,0.0,4.9951091205884435e-05,2.35563650021668,1,7582689
27.78636910270477,27.786369102722183,9.052234251150093e-05,15.0,154.79379907172765,9,0.004037629438310965,0.9125878137582901,3.703989865266877,0.5555555555555556,27.786369102722183,1.0,5.698776656814198e-05,1.764997603157116,1,7585207
23.016353009173375,23.01635300917957,0.00044130783801255014,15.0,205.7869191941863,7,0.0030371220991468,0.8997138606125151,-25.061713618157455,0.8333333333333334,23.01635300917957,1.0,0.0002160367105816387,12.279382532165906,1,7597226
25.966470495814214,25.966470495805215,0.00037931360609388953,15.0,200.5956479808004,7,0.00311572063647074,0.25678247986834163,0.0,0.6666666666666666,25.966470495805215,1.0,4.9213538598641175e-05,1.7646002609226754,1,7610110
30.47001549381451,30.47001549382438,0.00025493705017509694,13.0,153.1684763436297,9,0.0035364108829512076,1.0,-7.323220196919777,0.5,30.47001549382438,0.0,0.00018970500445515256,1.5992953604936542,1,7708458
47.77502706933772,47.775027069404075,0.00026931278936304093,15.0,194.80471227770843,8,0.0032083412803126476,0.6572873662709329,29.26154718341234,0.75,47.775027069404075,1.0,0.00033724316374526077,0.9656025088617176,1,7761918
21.000004633040966,21.00000463303687,0.00016308683588273087,15.0,170.29453995290007,9,0.0036701117967308993,0.7979559390291493,8.515921717244801,0.875,21.00000463303687,1.0,0.00014879644155829004,3.132255082502445,1,7766199
29.913053092946896,29.913053092950506,0.0003144102689991435,11.0,209.2793561444034,6,0.0021900551577437094,0.9535061238134471,7.517424677971896,0.4,29.913053092950506,0.0,0.00022732501378355495,1.9202902647028737,1,7763491
23.228578620728268,23.228578620736222,0.0004516732329699069,7.0,215.34510257489418,5,0.0013544151372805373,0.32696748011909016,-19.697886388225783,0.6,23.228578620736222,0.0,1.3420459615224422e-05,0.4992078692119488,1,7808587
17.616087493447004,17.616087493432964,0.00020747024368428235,15.0,205.9176794624991,7,0.0030351934891235137,0.924585050353576,-1.4959791818647261,0.8333333333333334,17.616087493432964,1.0,8.161553470407653e-05,1.7606428820394782,1,7904473
31.680923242359693,31.680923242352033,0.00027442951492284706,15.0,138.24747983486967,11,0.004520878071314819,0.7575003331192178,0.0,0.9,31.680923242352033,1.0,0.00012101191164614772,2.289883134070195,1,7950097
16.610513307376877,16.61051330738581,0.00029091262389246975,11.0,227.6278671886292,5,0.002013520308361562,0.3191692311843936,1.8279809246291023,0.6,16.61051330738581,0.0,3.8714062194102084e-05,2.9648602170150564,1,8041825
25.10654527445402,25.106545274446862,0.00041127127022633214,15.0,153.18797231815466,9,0.004079954780666091,1.034480572697343,12.366705311905868,0.625,25.106545274446862,1.0,0.0002911427516375933,4.626188015470507,1,8052298
28.329571601953973,28.32957160194897,0.00025291262717397345,15.0,154.22242599788416,9,0.004052588305209093,0.26173122844724717,-1.4890984150195408,0.875,28.32957160194897,1.0,0.00012983133482093618,3.6766604086243335,1,8081187
29.184748677480687,29.184748677491164,0.0005796799090376226,13.0,217.01559937110136,5,0.0024959803269275814,0.42804769009926363,0.0,0.75,29.184748677491164,0.0,0.00010064228580147931,0.8987723816800978,1,8115701
18.56360367007006,18.563603670069977,0.00027466101893292016,9.0,224.0824722978621,6,0.001673490997107219,1.005245023163562,-36.77214727093592,0.5,18.563603670069977,0.0,7.596745637288496e-05,2.847893179843826,1,8081899
26.11214517782739,26.11214517785464,0.00033542853687973384,15.0,154.1125299680062,9,0.004055478163454653,0.7124508807117552,0.0,0.8571428571428571,26.11214517785464,1.0,0.00012499973639289226,2.5802169889987443,1,8146482
25.930809308151215,25.93080930812973,0.00036419742017013146,13.0,211.86136515825137,7,0.0025567033718585964,1.0175323692827678,-7.6205085366432,0.8,25.93080930812973,0.0,0.00015574904943482695,9.144318218166951,1,8165946
25.38279172584744,25.38279172585103,0.00029908977924175684,15.0,203.47749304718502,7,0.0030715927871937504,0.9613913139147926,-9.728425616861713,0.8571428571428571,25.38279172585103,1.0,0.00012939440578219955,1.8557525926017635,1,8171971
20.57518116211333,20.575181162113694,0.0003755643204491621,15.0,154.24070209339416,8,0.004052108111006631,0.5493816092047445,10.782767615347133,0.625,20.575181162113694,1.0,0.0001891846072331003,10.289118763994638,1,8263104
32.19059071833433,32.19059071834549,0.00038364994643647066,15.0,224.5539160706129,7,0.0027832959270390253,0.36587701164017533,24.316665973911356,0.7142857142857143,32.19059071834549,1.0,0.00011708218344199998,3.4796026038792003,1,8265428
63.348736093138655,63.348736093119726,0.0007311390523410122,3.0,139.19499454825845,11,0.0008980207974121002,0.07476296684128722,0.0,1.0,63.348736093119726,0.0,1.9326276536823125e-05,0.28568673152627533,1,8299361
28.26069359769208,28.26069359768541,0.0004596289737517356,15.0,167.4653845198876,9,0.003732114560820043,0.26221311538604797,0.0,0.8571428571428571,28.26069359768541,1.0,0.00013174767095305482,2.968730307630141,1,8301878
16.562056263743912,16.562056263749252,0.00024109776129166427,7.0,102.20094577258547,13,0.0028538548685809106,0.10678137466242253,0.0,1.0,16.562056263749252,0.0,1.6099531845901293e-05,0.6054592333849153,1,8315206
13.09024698614249,13.090246986145068,0.00016552515603707185,11.0,197.66437074496918,8,0.0023187453136138776,0.9193577511078158,-5.265295275336257,0.7142857142857143,13.090246986145068,0.0,2.2578291274067596e-05,2.389220560082289,1,8315266
21.673942579279824,21.673942579300054,0.00019925368243500774,11.0,200.33283163144537,8,0.0022878593069384375,0.6707609280665436,6.24583199992923,0.875,21.673942579300054,0.0,6.703923221978301e-05,4.545590264227726,1,8360304
25.992891166205464,25.99289116621569,0.00047860063814164633,13.0,216.16708780574166,6,0.0025057776933805707,0.7593913861386704,13.998503469836443,0.8,25.99289116621569,0.0,0.00012916849583470119,3.040326175004532,1,8360415
59.72547026003518,59.72547026002497,0.0011632747029172164,11.0,172.86892564898443,9,0.0026513344235388667,0.09186640235031408,-17.344382027051353,1.0,59.72547026002497,0.0,0.0004033264165398052,7.885255086672221,1,8460007
11.872691642512578,11.872691642520898,0.0001631684608996986,13.0,153.36931841382386,10,0.0035317798388145136,0.7494830355054846,23.756083097015157,0.9,11.872691642520898,0.0,1.2564873726904856e-05,1.2119720129090905,1,8481242
38.08456055289594,38.084560552952034,9.066119263256844e-05,15.0,195.57482189507522,8,0.003195707882762685,0.630321321395072,-15.354188902749755,0.8571428571428571,38.084560552952034,1.0,0.00012625579343957674,1.9791049285365427,1,8493800
29.781640885659844,29.781640885649388,0.0004422951310572021,15.0,216.7622561748085,7,0.002883343304454107,0.6902035057751134,-27.600922561266117,1.0,29.781640885649388,1.0,8.866436435684338e-05,1.3703593835934682,1,8494617
28.34386409812819,28.343864098141005,0.0005448276865844814,15.0,124.19712798850534,12,0.005032322487021156,0.3070924750563382,-21.92871292860943,0.7272727272727273,28.343864098141005,1.0,9.020495213999726e-05,4.845130715115036,1,8520426
24.301417151293506,24.301417151295468,0.00025510424923680386,13.0,144.17664158477785,10,0.0037569654883947284,0.046121531204467804,-20.58133644577964,0.875,24.301417151295468,0.0,2.493047066835855e-05,0.7346303637165411,1,8523328
26.24067118714226,26.24067118715655,0.00036694544230408965,13.0,205.67563186895936,7,0.002633596706350584,0.6355428418096566,-9.632355642441581,1.0,26.24067118715655,0.0,0.00032109544959370556,1.5322893394268333,1,8559152
33.75527967340026,33.75527967340518,0.0003801207386781025,15.0,225.423602745442,6,0.0027725579415292054,0.9128581577547767,-9.014983383348607,0.6666666666666666,33.75527967340518,1.0,3.2078669337621055e-05,0.757984527111587,1,8540081
21.05679738360215,21.056797383610018,0.0003349888951131863,15.0,215.95039664978887,6,0.002894183153613629,0.44884395438971064,95.30842721106048,1.0,21.056797383610018,1.0,4.1924057239763826e-05,2.5707585351868087,1,8564420
21.643213508846316,21.64321350885353,0.0003184420171734592,15.0,143.46523383666621,8,0.004356456148195154,0.6934811803883216,0.0,0.8571428571428571,21.64321350885353,1.0,7.62757582252832e-05,2.0682414446546433,1,8572665
17.959523762788905,17.959523762777707,0.0002457257740554608,15.0,199.7273460170754,7,0.00312926603423933,1.0075002779579483,9.96181124346407,0.5,17.959523762777707,1.0,2.326032182109377e-05,1.0,1,8607778
12.126542980713255,12.126542980726951,0.0002475277753426486,9.0,208.72373557412374,5,0.0017966332337264385,0.847403694842792,-47.6894662984062,1.0,12.126542980726951,0.0,1.8242132322219085e-05,1.0,1,8609667
22.622082294515923,22.622082294512865,0.00035721283681511284,13.0,200.6865845671272,7,0.0026990676423888503,0.5978151316785238,-16.60282150983683,1.0,22.622082294512865,0.0,0.00012091313371025215,4.0686962196955525,1,8631504
32.378705502291126,32.37870550229476,0.0018169401608474356,13.0,231.44753413489684,6,0.0023403432172708384,0.969027660386341,-70.27431469097678,1.0,32.37870550229476,0.0,3.7501696328428165e-05,0.8989580825543396,1,8648352
412.7031185507869,412.7031185506898,0.00073702108853968,15.0,5.376037625181138,271,0.11625662682726137,0.9871297394341276,0.0,0.8235294117647058,412.7031185506898,1.0,0.04845403282510755,83.19924632781826,1,8751783
13.682293767790963,13.682293767786359,0.00020499547809105234,11.0,208.54588213258353,7,0.0021977577722774064,0.477236437233329,-4.663811274951968,1.0,13.682293767786359,0.0,5.122299526766525e-05,1.8165721849425591,1,8742834
41.381792226107244,41.31631686229879,0.000143051781111736,15.0,17.43386342791988,84,0.03584977033828765,0.26211915893198234,0.0,0.6470588235294118,41.31631686229879,1.0,0.0025334298129328333,26.343990972684868,1,8802165
26.118726350591064,26.118726350590425,0.00041835205409934684,13.0,216.63331937391305,7,0.0025003848356851335,0.2581326033497037,-2.6545842839453826,0.5,26.118726350590425,0.0,2.7108896619347245e-05,0.41779560635401497,1,8826303
26.060799555257052,26.06079955523365,0.00032673826172424647,15.0,153.12769168185895,9,0.0040815609060346324,1.0537742656197735,-5.953588798623954,0.625,26.06079955523365,1.0,0.0003119323812028782,4.385735477983142,1,8837813
25.293717441404592,25.293717441388935,0.00027247216789128004,15.0,216.63481103709174,7,0.0028850395603917454,0.42465612305224537,8.32483948043361,1.0,25.293717441388935,1.0,3.9912781325564055e-05,0.7295200748786803,1,8888956
24.450356161344597,24.450356161361423,0.00026397447590653655,15.0,150.55520247962528,9,0.004151301248354946,0.9146297516299033,-17.91882310442361,1.0,24.450356161361423,1.0,7.741560892955976e-05,1.0,1,8894646
57.05453627041776,57.054536270449425,0.0001522299059548704,9.0,8.993205359327176,162,0.04169814710292077,0.04763704539383001,-1.452012511116152,1.0,57.054536270449425,0.0,0.0013825414829828847,15.724280422319278,1,8972058
23.770091360979936,23.770091361009285,0.00047514975040119367,11.0,223.66852464504163,6,0.0020491633056582323,0.963224257148128,-28.331199820597064,0.8333333333333334,23.770091361009285,0.0,4.192342969439895e-05,3.6920246105712584,1,9003423
34.93594195509592,34.93594195508572,0.00043149831555233664,15.0,74.00610399131564,18,0.00844524932799248,0.6680189661806532,0.0,0.8571428571428571,34.93594195508572,1.0,8.92217153385874e-05,1.5875037924244744,1,9052348
21.815957657292078,21.81595765729011,0.0003071414714100884,15.0,191.32967040409375,8,0.0032666130594381,0.0930368234460315,9.1623481081049,1.0,21.81595765729011,1.0,0.00015117876522998042,3.8914754084966843,1,9076990
36.610574507806334,36.610574507816075,0.00021240752954465592,3.0,103.00433012327687,15,0.0012135412156983928,0.01614586647582541,4.8131511792837145,1.0,36.610574507816075,0.0,3.0729168535065634e-05,0.6302538468540817,1,9088531
38.901031784211135,38.9010317841998,0.0006768834764149245,3.0,69.48904620522605,20,0.0017988446643925752,0.005798954838339229,5.942983143825131,1.0,38.9010317841998,0.0,7.67748558944996e-05,2.2088902936140076,1,9146018
18.52534735129194,18.525347351284918,0.00022668014530313751,15.0,169.12777895322384,9,0.0036954307794277727,0.633510384295381,-0.7485778974469781,0.5555555555555556,18.525347351284918,1.0,0.00012933661645144918,6.53473765124627,1,9098185
43.29496287935899,43.29496287936801,0.0007918169551577314,15.0,193.96218182773006,4,0.0032222776322195714,0.6828396396756335,-13.85445450319267,1.0,43.29496287936801,1.0,0.0002694532510814289,3.276641250222709,1,9222857
23.358763537205196,23.35876353721821,0.00045492972812000154,15.0,205.8429645998451,7,0.00303629517392051,0.7368187278031681,0.0,1.0,23.35876353721821,1.0,5.7037578243813186e-05,1.5190726091175282,1,9225385
11.808113192769238,11.808113192765765,0.00010952220837079363,11.0,195.26098732231196,8,0.00234728575133534,0.54962379176191,5.802476793270728,0.7142857142857143,11.808113192765765,0.0,5.631576325552023e-05,1.8673711750953468,1,9329967
20.640433377984994,20.640433377972574,0.0001787978485089381,11.0,167.52599158649136,9,0.002735893869320583,0.513149650413967,-8.177587513147344,0.8571428571428571,20.640433377972574,0.0,0.00010828388810315721,1.2976927086134584,1,9395908
14.392979444802545,14.392979444830107,0.0001273170768355536,15.0,154.9291500332316,10,0.0040341020386798765,0.6051459432089759,0.03668014203483949,0.8888888888888888,14.392979444830107,1.0,6.213887389330549e-05,1.2660616129900548,1,9417931
21.99287775959883,21.99287775967027,0.00010447943899072332,13.0,120.51819296773878,12,0.0044944804873706,1.051089223232561,0.4725025376517422,0.5833333333333334,21.99287775967027,0.0,0.00017041627662704717,5.913406667545664,1,9413532
26.442552341342076,26.442552341315324,0.00037990396049081276,15.0,205.67563186895936,7,0.0030387654304045207,0.7619635168845401,23.381526448984502,0.8,26.442552341315324,1.0,0.00011820765776161024,2.0487084504854414,1,9519376
37.54460458004831,37.54460458002644,0.0003619501514079415,11.0,216.66547060264293,7,0.00211539629299724,0.4192971168740538,-15.362462975510027,0.8,37.54460458002644,0.0,0.00021217551578056831,4.798573682597952,1,9519499
53.264725021374964,53.26472502141668,0.00029116703694576085,15.0,119.84723024499259,12,0.005214972417154492,0.7868352935242524,0.0,0.9,53.26472502141668,1.0,0.0001186822628607083,1.1421211937872213,1,9521317
20.677142600308304,20.677142600315836,0.0002464392043063368,13.0,202.7893362691522,8,0.002671080623035027,0.9458797782217606,0.8138688639691694,0.5,20.677142600315836,0.0,6.496219440347898e-05,1.9677312869543555,1,9535182
46.69572429332363,46.69572429333246,0.0008019252459694481,15.0,202.05660755611515,6,0.003093192583798206,0.22424833638126887,0.0,1.0,46.69572429333246,1.0,0.00012925443842028522,0.7427725076703442,1,9597058
19.88512636429606,19.885126364296454,0.0003706813871238168,15.0,205.02732090742128,7,0.0030483742226833006,0.6619480989859866,-16.763057069546505,0.6666666666666666,19.885126364296454,1.0,6.984090831028332e-05,1.0105919110642307,1,9703633
28.804660235065956,28.804660235074483,0.0004827690998537859,15.0,205.81434136602155,7,0.0030367174408341933,0.33290332339475737,-9.124702045726352,1.0,28.804660235074483,1.0,0.000297339947989098,5.423977750468563,1,9705496
67.71462158434151,67.71462158434818,0.001001142220504292,5.0,33.485570060358235,43,0.006221585386117346,0.09347158730547432,-1.2585947579690782,1.0,67.71462158434818,0.0,0.0010224209562623133,5.299264813506181,1,9753528
24.75913767326362,24.759137673266284,0.00031638955903434685,15.0,202.5981739218788,8,0.003084924152578976,0.8610040766651118,23.794140864841218,0.625,24.759137673266284,1.0,0.00041351017467273273,5.96912700503323,1,9764678
22.926103123641685,22.926103123629694,0.00027711863857116104,9.0,216.89270422886142,7,0.001728965487028584,0.03424342445853391,-1.4078606915823855,1.0,22.926103123629694,0.0,4.8207648534063584e-05,1.832546480171606,1,9836563
20.36424513586861,20.364245135875755,0.00038452964524537947,9.0,129.59280273896522,11,0.002893679217320046,1.0447848252898568,16.927373706510096,0.7,20.364245135875755,0.0,0.00015346709099135365,2.8517391833614147,1,9933041
30.18737465813688,30.187374658155576,0.0002006256036410914,15.0,167.57139070461284,9,0.0037297536135014915,0.8083912163643062,9.062393821479553,0.8571428571428571,30.187374658155576,1.0,0.00014167801815889882,2.7724795779872085,1,9943009
418.5938816641633,418.59388166426294,0.0010970046472994488,15.0,5.1063293826654865,286,0.12239711800059246,0.5368309056715896,-6.239272180019739,0.8235294117647058,418.59388166426294,1.0,0.07036516696945713,182.06488035332362,1,9957525
27.29584523311998,27.295845233116154,0.0006103679028138798,15.0,193.6287115662216,6,0.0032278270869258363,1.0516750848045051,3.259801247379457,0.75,27.295845233116154,1.0,0.0001613931714570807,7.92521991831443,1,9967771
